<?xml version="1.0" encoding="utf-8"?>
<modification>
    <code>photo—wall</code>
    <name>photo—wall</name>
    <version>1.0-OC3</version>
    <author>zah</author>
    <link>http://localhost.com</link>



    <file path="catalog/controller/startup/seo_url.php">
        <operation>
            <search trim="true"><![CDATA[
$this->request->get['manufacturer_id'] = $url[1];
            ]]></search>
            <add position="after"><![CDATA[
                    }if ($url[0] == 'photowall_id') {
                        $this->request->get['photowall_id'] = $url[1];

            ]]></add>
        </operation>
        <operation>
            <search trim="true" ><![CDATA[
            $url[0] != 'manufacturer_id'
            ]]></search>
            <add position="replace" ><![CDATA[ $url[0] != 'manufacturer_id' && $url[0] != 'photowall_id' ]]></add>
        </operation>
        <operation>
            <search trim="true"><![CDATA[
$this->request->get['route'] = 'product/manufacturer/info'
            ]]></search>
            <add position="after"><![CDATA[
                }elseif(isset($this->request->get['photowall_id'])){
                    $this->request->get['route'] = 'extension/photowall/content';
           ]]></add>
        </operation>
        <operation>
            <search trim="true"><![CDATA[
($data['route'] == 'information/information' && $key == 'information_id')
            ]]></search>
            <add position="replace"><![CDATA[
($data['route'] == 'information/information' && $key == 'information_id')
|| ($data['route'] == 'extension/photowall/content' && $key == 'photowall_id')
            ]]></add>
        </operation>
    </file>


    <file path="admin/language/*/common/column_left.php">
        <operation>
            <search trim="true" index="0"><![CDATA[
				$_['text_processing_status']
            ]]></search>
            <add position="before" trim="false" offset="0"><![CDATA[
				$_['text_photowall']                   = 'photowall';
            ]]></add>
        </operation>
    </file>

    <file path="admin/controller/common/column_left.php">
        <operation>
            <search trim="true" index="0"><![CDATA[
				// Marketing
            ]]></search>
            <add position="before" trim="false" offset="0"><![CDATA[
			if ($this->user->hasPermission('access', 'extension/photowall')) {
				$data['menus'][] = array(
					'id'       => 'menu-photowall',
					'icon'	   => 'fa-file-image-o',
					'name'	   => $this->language->get('text_photowall'),
					'href'     => $this->url->link('extension/photowall', 'user_token=' . $this->session->data['user_token'], true),
					'children' => []
				);
			}
            ]]></add>
        </operation>
    </file>
</modification>
