<?xml version="1.0" encoding="utf-8"?>
<modification>
    <code>easy_blog_simple</code>
    <name>Easy Blog Simple</name>
    <version>3.0</version>
    <author>CarAn</author>
    <file path="admin/controller/common/column_left.php">
        <operation>
            <search trim="true" index="0"><![CDATA[
				// Marketing
            ]]></search>
            <add position="before" trim="false" offset="0"><![CDATA[
            $blog = array();
			if ($this->user->hasPermission('access', 'extension/extension/blog/article')) {
				$blog[] = array(
					'name'	   => $this->language->get('text_blog_article'),
					'href'     => $this->url->link('extension/extension/blog/article', 'user_token=' . $this->session->data['user_token'], true),
					'children' => array()
				);
			}
			if ($this->user->hasPermission('access', 'extension/extension/blog/setting')) {
				$blog[] = array(
					'name'	   => $this->language->get('text_blog_setting'),
					'href'     => $this->url->link('extension/extension/blog/setting', 'user_token=' . $this->session->data['user_token'], true),
					'children' => array()
				);
			}

			if ($blog) {
				$data['menus'][] = array(
					'id'       => 'menu-blog',
					'icon'	   => 'fa-pencil-square-o',
					'name'	   => $this->language->get('text_blog'),
					'href'     => '',
					'children' => $blog
				);
			}
            ]]></add>
        </operation>
    </file>
	
	<file path="admin/language/*/common/column_left.php">
        <operation>
            <search trim="true" index="0"><![CDATA[
				$_['text_other_status']
            ]]></search>
            <add position="before" trim="false" offset="0"><![CDATA[
				$_['text_blog']                        = 'Blog';
				$_['text_blog_article']                = 'Articles';
				$_['text_blog_setting']                = 'Settings';
            ]]></add>
        </operation>
    </file>

	<file path="catalog/controller/common/footer.php">
        <operation>
            <search trim="true" index="0"><![CDATA[
				$data['informations'] = array();
            ]]></search>
            <add position="before" trim="false" offset="0"><![CDATA[
				$data['blog'] = array(
					'name' => $this->config->get('easy_blog_home_page_name'),
					'href'  => $this->url->link('extension/extension/blog/blog')
				);
            ]]></add>
        </operation>

    </file>

    <file path="catalog/controller/startup/seo_url.php">
        <operation>
            <search trim="true"><![CDATA[
				($data['route'] == 'product/product' && $key == 'product_id')
            ]]></search>
            <add position="replace" trim="false" ><![CDATA[
				($data['route'] == 'product/product' && $key == 'product_id') || ($data['route'] == 'extension/extension/blog/article' && $key == 'article_id')
            ]]></add>
        </operation>
        <operation>
            <search  trim="true" offset="1"><![CDATA[
            $this->request->get['information_id'] = $url[1];
			]]></search>
            <add position="after"  ><![CDATA[
            }
            if ($url[0] == 'article_id') {
                $this->request->get['article_id'] = $url[1];

            ]]></add>
        </operation>
        <operation>
            <search trim="true" offset="1"><![CDATA[
            $this->request->get['route'] = 'information/information';
			]]></search>
            <add position="after"><![CDATA[
            }elseif (isset($this->request->get['article_id'])) {
				$this->request->get['route'] = 'extension/extension/blog/article';
			]]></add>
        </operation>
        <operation>
            <search trim="true" ><![CDATA[
            $url[0] != 'product_id'
            ]]></search>
            <add position="replace"><![CDATA[
            $url[0] != 'product_id' && $url[0] != 'article_id'
            ]]></add>
        </operation>
    </file>
	
</modification>
